src_id,src_lang,tgt_lang
501,"写 给 自己 的 第 501 封 信 懂得证步的人是聪明的，这是把决定事态走向的主动权手在了自己手 上上。感情对抗眠中，赢了面子就输了情分。往往死撑到底的人，都成强家 寡人。 容腰不是認輸, 只是為了拾起丟掉的幸福。","Bức thư viết cho chính mình số 501 Người thông minh là người biết lùi bước, điều này khiến bạn nắm được quyền chủ động quyết định hướng đi của sự việc trong tay. Trong chuyện tình cảm, bạn thẳng thì mất tình, người nào càng cố tranh giành phần thắng thì kết quả cuối cùng đều trở nên cô đơn. Cúi đầu không phải nhận sai mà chỉ là cứu văn hạnh phúc sắp mất mà thôi."
502,"写 给 自己 的 第 502 封 信 說到底, 女人還是要自強: 不容易生病的身体、够用的收入、养心的 爱好、强大的小字寡。拥有这些不是为了成为女汉子，而是为了搭建平等 的基础。自己穿暖才是真暖，自己真暖之后才有资烙相互温暖。","Bức thư viết cho chính mình số 502 Suy cho cùng, phụ nữ vẫn cần tự lập, cần có sức khỏe tốt, thu nhập đủ tiêu thú vui riêng của bản thân và một thế giới nhỏ bé nhưng mạnh mẽ. Có được những thứ này không phải để biến thành người đàn bà sắt mà để có cơ sở để tạo nên sự bình đẳng. Bản thân mặc ấm mới gọi là ấm thực sự, bản thân phải yêu mới có tư cách làm ấm trái tìm người khác."
503,"写 给 自己 的 第 503 封 信 感情就是這樣, 沒有失去你不會成熟, 生活也是這樣, 沒有遇到點險 惡, 你不會長大。 你想要的, 老天不一定會給你, 你只有努力去爭取, 別 境負愛你的人, 別詣負你自己。","Bức thư viết cho chính mình số 503 Tình cảm là như vậy đó, không đánh mất thì không thế trưởng thành. Cuộc sống cũng vậy, nếu bạn không gặp chút nguy hiểm nào thì không thể lớn lên. Thứ bạn muốn, ông trời chưa chắc đã cho bạn. Bạn chỉ có thể cố gắng mà giành lấy, đừng phụ những người yêu bạn và cũng đừng phụ chính bản thân mình, bạn nhé."
504,"写 给 自己 的 第 504 封 信 能打動我的從來不是花言巧語, 而是恰到好處的溫柔以及真淘的內心。",Bức thư viết cho chính mình số 504 Thứ thực sự lay động trái tìm em không phải là những lời nói đường mật mà là sự quan tâm đúng mực và trái tim chân thành của anh.
505,"写 给 自己 的 第 505 封 信 這世上最難堪的事不是他不愛你, 而是他說很愛很愛條, 最后吉輕易 地放棄了你。",Bức thư viết cho chính mình số 505 Điều tồi tệ nhất trên đời không phải anh ấy không yêu bạn mà là anh ấy nói yêu bạn rất nhiều rất nhiều nhưng đến cuối cùng lại dễ dàng buông tay bạn chỉ trong một nốt nhạc.
506,"写 给 自己 的 第 506 封 信 所谓白头到老，没什么秘诀。只是在相爱时，存下点感动; 在冷戰 兩個人在一起了, 就不要老是抱怨另一半的不貼心、不浪漫、不主 3. 你們本就是兩個獨立的個体, 再融合也不會變成一個人。 所以, 有一 点耐心，加一点细心，再学会感恩和知足，你可能会发现对方只是在用自 己的方式对你表达爱意，幸福真的没有那么难。","Bức thư viết cho chính mình số 506 Sống với nhau đến đầu bạc răng long không cần bí kíp gì hết, chỉ cần khi yêu nhau giữ lại chút cảm động và lúc chiến tranh lạnh thì luôn nghĩ đến việc biết ơn đối phương. Bức thư viết cho chính mình số 506 Hai người ở bên nhau đừng nên trách đối phương không đủ quan tâm, không lãng mạn, không chủ động. Hai người vốn là hai cá thể riêng biệt, có dung hòa thế nào cũng không thể biến thành một người được. Vì thế chỉ cần thêm một chút nhẫn nại, một chút tỉnh ý, biết cảm ơn và biết hài lòng, có thể bạn sẽ nhận ra đối phương đang dùng cách của bản thân để bày tỏ tình yêu. Hạnh phúc thực sự không khó khăn và khó đoán như bạn nghĩ đâu."
508,写 给 自己 的 第 508 封 信 应该去喜欢能让你觉得自己很美好，由袁感受到温暖的人。而不是让 你低到宇埃里，觉得自己很没用的人。,"Bức thư viết cho chính mình số 508 Nên yêu người khiến bạn cảm thấy mình rất tốt đẹp và cảm thấy ấm áp từ tận đáy lòng chứ không phải người đẩy bạn xuống vũng bùn nhơ nhớp, khiến bạn cảm thấy bản thân thật vô dụng và ngu sỉ."
509,写 给 自己 的 第 509 封 信 你走不进那个人的心里，不一定是你不够努力，而是那个人也不断在 加国心里的那堵墙。,Bức thư viết cho chính mình số 509 Bạn không thế tiến vào trái tỉm một người nhiều khi không phải do bạn không cố gắng mà do người kia không ngừng gia cố bức tường bảo vệ trong trái tìm họ.
510,"写 给 自己 的 第 510 封 信 所謂愛, 就是當感覺、熱情、浪漫統統拿神之後, 你仍然珍惜對方。","Bức thư viết cho chính mình số 510 Tình yêu là khi mất đi tất cả cảm giác, sự nhiệt tình và lãng mạn mà bạn vẫn còn nguyên sự trân trọng đối phương."
511,"写 给 自己 的 第 511 封 信 有時候你放不下一個人, 不是因為那個人無可替代, 而是因為你在那 個人身上花費了太多的時間精力, 一旦分開, 就好像自己用時間和青春細 心堆砌的城堡囊然个翅。","Bức thư viết cho chính mình số 511 Gó lúc bạn không thể buông một người không phái vì không ai có thể thay thế người ấy mà vì bạn đã tốn rất nhiều thời gian và công sức vì người ấy, một khi chia tay nó giống như bản thân dùng thời gian và thanh xuân xây đắp nên tòa thành hùng vĩ nhưng vốn dĩ đã đổ nát mục rỗng từ bên trong."
512,"写 给 自己 的 第 512 封 信 伸手需要一瞬間, 率手吉有要很多年, 無論你遇見誰, 他都是你生命該 出現的人, 絕非偶然。","Bức thư viết cho chính mình số 512 Giơ tay chỉ cần một nháy mất nhưng nắm tay lại cần rất nhiều thời gian. Cho dù bạn gặp ai, anh ấy đều là người phải xuất hiện trong cuộc đời bạn theo tính toán chứ - không phải ngẫu nhiên."
514,"写 给 自己 的 第 514 封 信 很多人，突然就不再联系了，和重不重要无关，却和需不需要相连。 我们必须承认人走茶凉的道理，哪怕离开很短埋，志了就是走了，不是所 有的回頭, 都有人在原地等你。","Bức thư viết cho chính mình số 514 Rất nhiều người đột nhiên không liên lạc gì với ta, chuyện này không.phải quan trọng hay không nhưng lại liên quan đến có cần hay không. Chúng ta buộc phải thừa nhận rằng: Người đã ra đi thì tình cảm sẽ lạnh nhạt, cho dù bạn rời đi trong một khoảng thời gian rất ngắn nhưng đã ra đi là ra đi. Đừng mong bạn quay lại thì người ta vẫn còn luôn chờ đợi bạn."
515,"写 给 自己 的 第 515 封 信 當一個人忽略你時, 不要傷心, 每個人都有自己的生活, 誰都不可能 一直陪你。 不要對一個人太好, 因為你終會發現, 這樣時間久了, 那個人 是會習慣的, 熱后把你做的一切看作是理所應當。 其實你明明知道, 8# 賤不過感情, 最涼不過是人心。",Bức thư viết cho chính mình số 515 Khi một người bỏ lơ bạn thì đừng đau buồn vì mỗi người đều có cuộc sống riêng của mình. Không ai có thể ở bên bạn mãi cả. Đừng đối xử quá tốt với một người nào đó bởi thời gian qua đi bạn sẽ nhận ra rằng anh ta sẽ quen với điều đó và coi những gì bạn làm cho anh ta là đương nhiên. Thực ra bạn hiểu rõ tình cảm là thứ đê tiện nhất còn lòng người là thứ nguội lạnh nhất.
516,"写 给 自己 的 第 516 封 信 有多少人故意財氣關掉手机, 忍不住打開後, 發現什麼也沒有。 自作 多情以为自己在他心里有多重要，到最后才发现自己原来是个笑话。别再",Bức thư viết cho chính mình số 516 Có rất nhiều người tức lên thì tắt điện thoại đi để rồi đến lúc không chịu được nữa mở ra xem mới phát hiện ra không có gì hết. Bạn tự đa tỉnh cho rằng mình rất quan trọng trong trái tỉm anh ấy thì đến cuối cùng ắt sẽ biết mình chỉ là một trò cười. Đừng có ngốc nữa vì người ta không quan tâm đến bạn đâu.
518,写 给 自己 的 第 518 封 信 我在等那么一天，当我足够优秀足够勇敢，我能坚定地从你面前走 过，且带着一份从容，那将会是你从没见过的我。,"Bức thư viết cho chính mình số 518 Anh đang chờ đến một ngày khi anh đủ xuất sắc, đủ dũng cảm, có thể ung dung kiên định mà đứng trước mặt em. Đó sẽ là anh mà em chưa bao giờ có cơ hội nhìn thấy."
519,写 给 自己 的 第 519 封 信 没必要刻意遇见谁，也不急于拥有谁，更不勉强留住谁。一切顺其自 然，最好的自己留给最后的人。,"Bức thư viết cho chính mình số 519 Không cần phải cố tình gặp ai, cũng không cần vội chiếm hữu ai và càng không cần phải miễn cưỡng ai đó ở bên mình. Mọi thứ cứ để tự nhiên, bản thân mình tốt nhất nên để cho người cuối cùng bạn nhé."
520,"写 给 自己 的 第 520 封 信 愿有人怜异你最糟的样子; 愿你的爱不是将就的; 應愛你的是被你吸 下的, 而不是算計你好久的; 愿你的爱情都是出于简单的真心","Bức thư viết cho chính mình số 520 Mong có người thương bạn trong hoàn cảnh bạn tệ nhất, mong tình yêu của bạn không phải tạm bợ, mong người yêu bạn là vì sự lôi cuốn của bạn chứ không phải bày mưu tính toán đã lâu, mong tình yêu của bạn xuất phát từ một trái tim thuần túy."
521,写 给 自己 的 第 521 封 信,"Bức thư viết cho chính mình số 521 Bạn không níu kéo, không quay đầu, từ đó mỗi người sống cuộc sống của mình. Không phải vì ai đó không tốt mà tại thời gian hai người gặp nhau không đúng thời điểm mà thôi."
522,"写 给 自己 的 第 522 封 信 追來的很累, 強求的不美。想你的人, 總會主動找你; 不想你的 能难为着自己。","Bức thư viết cho chính mình số 522 Theo đuối thì mệt, cưỡng ép thì không đẹp. Người nhớ bạn sẽ chủ động đi tìm bạn, người không nhớ bạn cho dù bạn có tìm người ta cũng chẳng đoái hoài gì đâu. Lúc nào cũng hạ mình chỉ làm mất đi giá trị bản thân, có chịu thiệt thòi tới đầu cũng chỉ làm khổ sở bản thân mình mà thôi."
523,"写 给 自己 的 第 523 封 信 遇不到给你安全感的人不要紧，要学会自己给自己力量。看书、听 歌、 跑步, 你喜歡的任何事都行。  於真財害 自己, 安頓正負情緒, 隨遇而 安不是无所谓，是保证自己过到什么情况都能撑得住自己。","Bức thư viết cho chính mình số 523 Không gặp được người cho bạn cảm giác an toàn cũng không sao, phải học cách tạo năng lượng cho bản thân. Đọc sách, nghe nhạc, chạy bộ, bạn thích làm gì cũng được. Làm phong phú bản thân mình, ổn định cảm xúc và không tranh giành với đời cũng không sao: Đó là cách khiến bản thân ở trong tình huống nào cũng có thể giữ vững mình, kiên định và sự vững vàng."
524,"写 给 自己 的 第 524 封 信 所有的人，在发将的时候，都是真的觉得自己一定不会违萌承诺。而 在反悔的時候, 也都是真的覺得自己不能做到。所以, 考言這種東西, 元 法衡量堅下, 也不能判斷對錯, 它只能證明, 在說出來的那一刻, 彼此曾 经真诚过。","Bức thư viết cho chính mình số 524 Ai lúc thề thốt cũng đều không nghĩ tới việc mình sẽ phản bội lời thề, nhưng lúc hối hận đều cho rằng bản thân không thể nào giữ được lời thề. Vì thế lời thề không thể đo được lòng chung thủy, không thể phán đoán đúng sai, nó chỉ có thể chứng minh rằng lúc nói ra lời thề cả hai người đều hết sức chân thành."
525,"写 给 自己 的 第 525 封 信 兩個人能否走在一起, 時相很重要。 你出現在他想要安定的時候, 那 多美多优秀都是徒劳无用。","Bức thư viết cho chính mình số 525 Hai người có thế ở bên nhau hay không thì thời điểm gặp gỡ rất quan trọng. Bạn xuất hiện vào lúc anh ấy muốn ổn định vậy thì phần thắng của bạn rất lớn. Bạn xuất hiện vào lúc anh ấy còn đầy sự hiếu kì về thế giới này thì bạn có đẹp, có xuất sắc đến mức nào cũng vô ích mà thôi!"
526,"写 给 自己 的 第 526 封 信 真正的愛, 是接受, 不是忍受; 是支持，不是支配;是你问，不是质 錯。真正的愛, 不是彼此凝視, 而是共同活曾同一方向望去。 其實, 愛不是 寻找一个完美的人，而是要学会用完美的眼光去欣赏一个并不完美的人。","Bức thư viết cho chính mình số 526 Tình yêu thực sự là tiếp nhận chứ không phải chịu đựng, là ủng hộ lẫn nhau chứ không phải kiểm soát lẫn nhau, là thăm hỏi nhau chứ không phải chất vấn nhau. Tình yêu thực sự cần biết cảm ơn, biết xin lỗi, quan tâm và thông cảm cho nhau, biết nhận lỗi và sửa sai. Tình yêu thực sự không được nghỉ ngờ lẫn nhau mà phải cùng hướng về một nơi. Thực ra, yêu không phải là tìm kiếm một người hoàn hảo mà yêu là học cách dùng cái nhìn hoàn hao để nhìn một người không hoàn hảo."
527,"写 给 自己 的 第 527 封 信 每個人孝會找到一個灶的人, 那個人會灶你好, 隨時隨地想你、 三 秒回你短信、 拉緊你的手, 給你送早餐、 陪你吃飯、 聽你唱歌, 不讓你難 过、不让你伤心，这才是真正要陪你一辈子的人。棕福可以来得晚一些， 只要它是真的。","Bức thư viết cho chính mình số 527 Ai cũng sẽ tìm thấy người thuộc về mình, người đó sẽ đối tốt với bạn, nhớ bạn mợi lúc mọi nơi, trả lời tin nhắn của bạn trong ba giây, sẽ nắm chặt tay bạn, mang bữa sáng tới cho bạn, cùng bạn ăn cơm, nghe bạn hát, sẽ không khiến bạn buồn và không khiến bạn tốn thương: Đó mới là người bạn nên gắn bó suốt cả cuộc đời. Hạnh phúc có thể đến muộn một chút, không sao cả, miễn sao là nó sẽ phải đến."
528,"写 给 自己 的 第 528 封 信 忘記一段感情,;   方法就是時間 和新欢，如果还不能让你忘记，那就是 时间不够长，新欢不够好 当浪漫褪色、流情渐淡，柴米油盐的温暖何尝不是最长情的告白? 有 政瑰, 有表白。但愛情, 要承諾, 更需堅守! 请珍惜那个来了之后就再也","Bức thư viết cho chính mình số 528 Muốn quên đi một mối tình chỉ có hai cách: Thời gian và người mới. Nếu như bạn vẫn không thể quên, đó là do thời gian chưa đủ dài hoặc người mới chưa đủ tốt. Bức thư viết cho chính mình số 528 Khi sự lăng mạn dần trở nên đơn điệu, những yêu thương nồng ấm ngày nào dần trở nên nhạt nhòa thì lẽ nào những quan tâm chăm sóc thường ngày không phải là lời tỏ tình vĩnh cứu nhất sao? Có hoa hồng thì có lời bộc bạch nhưng tình yêu còn cần những lời hứa và giữ được lời hứa lại càng quan trọng hơn! Xin hãy trân trọng lấy những người sau khi đã đến bên ta mà không rời bó, mong rằng khi thời gian trôi qua vẫn còn được nhìn thấy em dưới bóng chiều tà tuyệt đẹp."
530,"写 给 自己 的 第 530 封 信 说不想谈请爱是假的，说不美磋人家秀恩爱是假的，只是真没有碰到 一个认真的; 所以，宁愿选择单身，也不想要随便谈感情; 因為, 我不想 当我遇见更好的人的时候，已经把最好的自己用完","Bức thư viết cho chính mình số 530 Nói không muốn yêu, không muốn ngưỡng mộ người đang yêu là giả, chẳng qua chỉ là không gặp được một người thật lòng vì thế nên thà cô đơn chứ không tùy tiện yêu đương. Bởi vì em không muốn lúc gặp được người tốt hơn thì em không còn là em hoàn hảo nhất."
531,写 给 自己 的 第 531 封 信 有事情是要说出来的，不要等着对方去领悟，因为对方不是你，不知 道你想要什么，等到最后只能是伤心和和失望，尤其是爱情。,"Bức thư viết cho chính mình số 531 Có chuyện phải nói ra đừng bắt đối phương phải tự hiếu. Bởi đối phương không phải bạn, không biết bạn đang nghĩ gì, đợi đến cuối cùng chỉ có đau lòng và thất vọng, nhất là trong tình yêu bạn nhé,"
532,"写 给 自己 的 第 532 封 信 背叛伤害不了你，能伤你的，是你太在平。分手伤害不了你，能伤体 的, 是回憶。無疾而終的三情傷害不了你, 能傷你的, 是希望。 你總以為 是感情傷害了你, 其實傷到你的人, 永遠是自己。",Bức thư viết cho chính mình số 532 Sự phản bội không khiến bạn tổn thương mà bạn bị tốn thương do bạn quá để tâm. Chia tay cũng không thể khiến bạn tốn thương. Bạn tổn thương là đo những hồi ức. Tình yêu không đi đến kết thúc thì không thể làm tốn thương bạn. Thứ làm bạn tốn thương chính là sự thất vọng. Bạn luôn nghĩ rằng tình cảm khiến bạn tổn thương thực ra người làm tổn thương bạn chính là bản thân bạn mà thôi.
533,写 给 自己 的 第 533 封 信 我等你，一直一直等你。我在这里等你，其实只是为了斤够失望，多 关系; 不打搅，就是我最后的温柔; 相互忘记，就是我们最好的归宿。,"Bức thư viết cho chính mình số 533 Em đợi anh, đợi anh mãi. Em đợi anh ở đây thực chất chỉ đế chất chứa thất vọng, thất vọng nhiều đến mức từ bỏ tất cả những hoang tưởng về anh. Hoặc không liên lạc là mối quan hệ tốt nhất của chúng ta, không làm phiền là sự dịu dàng cuối cùng của em. Quên nhau dila điểm đến tốt nhất của chúng ta."
534,写 给 自己 的 第 534 封 信 怀念不一定就要相见，喜欢不一定就要在一起，你要相信，每一种距 离都有它存在的意义。,"Bức thư viết cho chính mình số 534 Nhớ không nhất thiết là phải gặp nhau, yêu cũng không nhất thiết phải ở bên nhau. Bạn phải tin rằng: Mỗi loại khoảng cách đều có ý nghĩa riêng của nớ."
535,写 给 自己 的 第 535 封 信 人人生最大的勇敢之一，就是经历了一次次欺骗和伤害之后，还能保持 信任和愛的能力。,Bức thư viết cho chính mình số 535 Một trong những dũng cầm lớn nhất trong đời người đó là trải qua biết bao lần lừa dối và tổn thương vẫn còn nguyên niềm tin vào tình yêu.
536,写 给 自己 的 第 536 封 信 年轻的时候会想要谈很多次恋爱，但是随着年岁增长，终于明向爱 个人，就算用一募子的时间，还是会嫌不够。,Bức thư viết cho chính mình số 536 Lúc còn trẻ thì muốn yêu thật nhiều nhưng khi tuổi tác ngày một lớn mới hiểu ra rằng: Thì ra yêu một người cho dù dùng thời gian cả đời cũng không bao giờ đủ.
537,写 给 自己 的 第 537 封 信 你明明知道你需要放手却放不下，因为你还是在等待不可能的发生， 这种感觉真的很难受。,Bức thư viết cho chính mình số 537 Bạn biết rõ mình nên buông tay nhưng lại không thể buông bởi bạn đang chờ một chuyện không thể xảy ra có thể xảy ra. Cảm giác này thực sự rất khó chịu.
538,"写 给 自己 的 第 538 封 信 總要經歷一些背叛一些心酸, 才能把人心看明白。 沒有人可以左右你 的人生, 只是很多時候我們需要多一些勇氣, 去堅定自己的選擇。有些記 憶, 注定無法抹去; 就像有些人, 注定無法代替。","Bức thư viết cho chính mình số 538 Phải trải qua những lần bị phản bội và những lần trái tỉm bị tốn thương thì mới có thể nhìn thấu lòng người, Không ai có thể quyết định cuộc đời bạn cả. Chỉ là đôi lúc chúng ta cần thêm một chút đũng khí để kiên định với sự lựa chọn của mình. Chân lí là: Có những kí ức không thể xóa nhòa cũng như có một số người không thể thay thế trong cuộc đời này."
539,写 给 自己 的 第 539 封 信 不要轻易放弃一个每天都会想念的人。这样的人，一介子也不会明到 几个。即便在一起要吃很多著头，咬咬牙也就过去了。生活的苦，会随光 阴淡去。但失去草爱的疼痛，时间也无法洗淋。多年后仍能让你心痛的，,Bức thư viết cho chính mình số 539 Đừng dễ dàng từ bỏ người mà bạn nhớ tới mỗi ngày bởi người như vậy trong cuộc đời bạn cũng chỉ gặp được vài người. Cho dù hai người ở bên nhau có phải chịu biết bao khổ cực thì cẩn răng chịu đựng rồi cũng sẽ qua đi. Nỗi vất vả của cuộc sống dần sẽ bớt theo thời gian. Nhưng nỗi đau khi mất một tình yêu đích thực thì thời gian không thể xóa nhòa. Thứ khiến nhiều năm sau trái tim bạn vẫn còn đau và rỉ máu chính là tình yêu đích thực mà năm đó bạn dễ dàng từ bỏ đến như vậy.
540,写 给 自己 的 第 540 封 信 你要相信，这个世界上总有一个人正在向你走来，带着最美丽的爱 情。你要做的只是在他出现之前，好好地照顾自己。,Bức thư viết cho chính mình số 540 Bạn phải tin rằng trên thế giới này kiểu gì cũng có một người đang tiến về phía bạn với một tình yêu tươi đẹp. Việc bạn cần làm là trước khi anh ấy xuất hiện hãy chăm sóc mình thật tốt và thật hoàn háo.
541,"写 给 自己 的 第 541 封 信 踏踏實實找個人一起生活, 你喜卅他他喜歡你, 沒有秘密, 沒有出 軌, 沒有不開心, 性格不合運可以麻合, 習慣不一樣可以這應, 只要都有 一蜂想一直走下去的心就好,","Bức thư viết cho chính mình số 541 Bạn của tôi ơi, hãy tìm một người có thể sống yên ổn với bạn suốt cuộc đời, bạn yêu người đó và người đó cũng yêu bạn, giữa hai người không có bí mật gì, không phản bội nhau, không có nỗi buồn, tính cách không hợp thì có thể thay đối, thói quen khác nhau có thế thích ứng, chỉ cần cả hai đều muốn sống bên nhau mãi mãi là được."
542,"写 给 自己 的 第 542 封 信 愛情是人類整個感情世界中最為強玉的一種情感, 真正的愛情能喚醒 人的潛能! 其甜如蜜, 其酸賽醋。 恰到好處時, 如醒酒湯般令人興奮且清","Bức thư viết cho chính mình số 542 Tình yêu là thứ tình cảm mãnh liệt nhất trong thế giới tình cảm loài người, tình yêu đích thực có thể đánh thức tiềm năng trong mỗi người. Nó ngọt như mật mía nhưng có khi lại chua hơn giấm gạo. Tình yêu vừa chín muồi giống như canh giải rượu khiến người ta hưng phẩn lại tỉnh táo, còn đối với người chìm đắm trong đó mà không thể dứt ra, tình yêu tựa như thuốc mê khiến người ta hoa mắt chóng mặt và không thể kiểm soát bản thân."
544,"有時候,    你以為會是一生一  世, 但到最後, 寺發現一瞬間就可以收變 所有。有时候，你总觉得很难继续，过着过着，就是一华子了。感情的事 情，真的不是你能计划好。今天愿意为你付出一切的人，明天可能就相别 陌路。爱不随人愿，只留真心人。","Bức thư viết cho chính mình số 544 Có lúc bạn nghĩ mình sẽ ở bên ai đó trọn đời nhưng đến cuối cùng mới phát hiện ra chỉ cần một khoảnh khắc là có thể thay đối tất cả. Có lúc bạn nghĩ rằng thật khó để bước tiếp cùng nhau nhưng cứ cố cứ cố rồi cũng qua một đời. Chuyện tình cảm không phải bạn cứ tính là được. Người hôm nay nguyện hi sinh tất cả vì bạn nhưng ngày mai có thể trở thành người xa lạ. Tình yêu không theo ý muốn con người, nó chỉ giữ những người có tình cảm lại mà thôi."
545,写 给 自己 的 第 545 封 信 爱，不是寻找一个完美的人，而是学会用完美的眼光欣赏那个不完美 的人。,Bức thư viết cho chính mình số 545 Yêu không phải tìm kiếm một người hoàn hảo mà yêu là học cách dùng cách nhìn boàn hảo để nhìn một người không hoàn háo.
546,写 给 自己 的 第 546 封 信 爱情里面所有的迁就都是甘心情愿，甚至了无痕迹的。有时候，并不 是他喜欢的东西你刚好全都喜欢，而是他喜欢的，你也愿意去喜欢，然后 就真的喜欢了。,Bức thư viết cho chính mình số 546 Moi sự nuông chiều trong tình yêu đều là cam tâm tình nguyện đến mức không có một dấu vết nào. Có lúc không phải thứ anh ấy thích bạn cũng thích nhưng thứ anh ấy thích bạn cũng thích theo rồi dan dần trở nên thích thật sự.
547,"写 给 自己 的 第 547 封 信 你不必天強, 不必說識, 懂你的人, 自然會知道你原本的模樣。","Bức thư viết cho chính mình số 547 Bạn không cần phải tỏ ra mạnh mẽ cũng không cần nói đối, người hiểu bạn sẽ tự biết con người thật của bạn như thế nào."
548,写 给 自己 的 第 548 封 信 希望有这么一个人，不嫌齐我的坏脾气，不嫌弃我的坏习惯，不嫌弃 我的家境怎样，始终站在我身边，一不小心就白头到老了。,"Bức thư viết cho chính mình số 548 Hi vọng trên đời này có một người không những không kế những tính xấu, những thói quen tồi của tôi, mà còn không chê gia cảnh nhà tôi, luôn ở bên cạnh tôi, nói không chừng lại sống cùng tôi đến trọn đời ấy chứ."
549,"写 给 自己 的 第 549 封 信 時間最會騙人, 但也能讓你明白, 這個世界沒有什麼不能失去的, 8 去的都是风景，留下的才是人生，走到最后的，就是对的人。","Bức thư viết cho chính mình số 549 Thời gian là thứ biết lừa người nhất nhưng nó cũng khiến bạn hiểu rằng: Trên đời này không có cái gì là không thể mất đi, thứ mất đi chỉ là phong cảnh, còn thứ ở lại chính là lòng người. Người có thế đi cùng bạn đến cuối con đường chính là người dành cho bạn."
550,"写 给 自己 的 第 550 封 信 一段感情，能持续下去，最重要的或许不是爱，而是感恩。谢谢他在 人有群里發現你, 視若珍室率手至今) 谢谢你把最珍贵的青春，只为他而燃 燒。為對方做的一切, 都看在眼記在心。 所以, 將來無論發生什麼, 可以 吵架，可以生气，但绝不会离开。","Bức thư viết cho chính mình số 550 Một mối tình có thể kéo dài được hay không điều quan trọng nhất có lẽ không ở tình yêu mà ở sự biết ơn. Cảm ơn anh ấy đã tìm thấy bạn trong biển người, coi bạn như báu vật cho đến tận bây giờ và cảm ơn bạn đã dành tuổi thanh xuân đẹp đẽ nhất, quý giá nhất cho anh ấy. Đối phương làm mọi chuyện bạn đều nhìn thấy và khắc ghi trong lòng vì thế cho dù tương lai có xây ra chuyện gì, có thể cãi nhau, có thể tức giận, nhưng nhất định không thể rời xa nhau."
551,写 给 自己 的 第 551 封 信 任何一段资合的婚姻，最后都会演变成为一段悔不当初的未来。如果 恋爱中你无法从对方那里发现自己的美好，那婚后定会是魔兽争霸的昼梦。,"Bức thư viết cho chính mình số 551 Bất cứ một cuộc hôn nhân tạm bợ nào đều sẽ dẫn tới sự hối hận của hai người sau này. Nếu như khi yêu bạn không thể phát hiện ra điểm tốt của bán thân mình từ đối phương, thì cuộc sống sau khi kết hôn chỉ là ác mộng tranh bá của những con ác thú mà thôi."
552,"写 给 自己 的 第 552 封 信 擲命對一個人好, 生怕做錯一點對方就不喜歡你, 這不是愛, 而是取 悅。 分手后覺得更愛灶方, 沒他就活不下去, 這不是愛情是不甘心。你拼 命工作努力做人, 生怕別人會看不起你, 這不是要強, 而是和恐慣。你要知 道, 很多時候被情緒控制, 只敢抓住而不敢放棄, 是很累的。","Bức thư viết cho chính mình số 552 Cố gắng để đối tốt với một ai đó, sợ mình làm sai một chút gì thôi thì người đó sẽ không thích mình nữa, đó không phải yêu mà là đi tìm niềm vui. Sau khi chia tay càng yêu đối phương hơn, không có anh ấy thì không thể sống được, đó không phải yêu mà là không cam tâm. Bạn cố gắng làm việc, ngày càng hoàn thiện bản thân hơn, chỉ sợ người khác xem thường mình, đó không phải là mạnh mẽ mà là lo sợ. Bạn nên biết rằng, có nhiều lúc bản thân bị cảm xúc khống chế, chỉ đám giữ mà không đám buông như thế, hẳn là rất mệt đúng không?"
553,"写 给 自己 的 第 553 封 信 不管是友情還是愛情。 你來, 我熱情相福。你走, 我坦然放手。","Bức thư viết cho chính mình số 553 Cho dù là tình bạn hay tình yêu, bạn đến thì tôi sẽ nhiệt tình đón nhận, bạn đi thì tôi sẽ thản nhiên buông tay."
554,写 给 自己 的 第 554 封 信 最难过的，葛过于当体遇上一个特别的人，却明白永远不可能在一 起，或迟或早，你不得不放弃。,Bức thư viết cho chính mình số 554 Điều buồn nhất là khi bạn gặp được một người đặc biệt nhưng lại không thể mãi mãi bên nhau và biết trước sớm muộn gì bạn cũng phải chia tay người đó.
555,写 给 自己 的 第 555 封 信 当体熬过最孤独的时刻，就会党得其实也不过如此，没有你想象的 那么难过，也就不需要别人陪伴了，无论体曾多么期待有人中，最后也党 得，算了，不指望了，一个人也好。,"Bức thư viết cho chính mình số 555 Rhi bạn trải qua lúc cô độc nhất bạn sẽ thấy rằng chẳng qua cũng chỉ như vậy thôi, nó không buồn đến mức như bạn tưởng tượng, cũng không cần có người ở bên, cho du có kì vọng có người thương đến mức nào thì đến cuối cùng bạn sẽ thấy: Thôi, chỉ cần một mình là đú."
556,"写 给 自己 的 第 556 封 信 好的愛情, 永遠是兩個人的努力, 而不是一個人的委曲求全。",Bức thư viết cho chính mình số 556 Tình yêu đẹp là hai người cùng nỗ lực chứ không phải một người luôn luôn nhịn nhường và chịu phần sai.
557,| 写 给 自己 的 第 557 封 信 在喜欢你的人那里，去热爱生活; 在不喜欢你的人那里，去看清世界。,"Bức thư viết cho chính mình số 557 Bạn tôi à, hãy yêu cuộc sống khi ở bên những người thích bạn và nhìn nhận rõ thế giới khi ở cùng những người không thích bạn."
558,"写 给 自己 的 第 558 封 信 时间会告诉我们，简单的喜欢，最长远; 平凡中的障伴，最心安; 懂 你的人, 最溫暖。",Bức thư viết cho chính mình số 558 Thời gian sẽ nói cho bạn biết tình yêu giản đơn là đài lâu nhất. Ở bên nhau trong cuộc sống bình thường là an lành nhất còn người hiểu bạn nhất là người ấm áp nhất.
559,写 给 自己 的 第 559 封 信 嫁的人是谁，很重要，因为他决定着体一辈子的生活状态。要的人是 谁，更重要，她很有可能决定着你一生的层次和高度。不要将就地嫁，也 别违心地娶。,"Bức thư viết cho chính mình số 559 Lấy ai làm chồng rất quan trọng bởi vì anh ấy quyết định đến tình trạng cuộc sống cả đời bạn. Chọn ai làm vợ cũng rất quan trọng bởi rất có thế cô ấy quyết định tầng lớp và thứ bậc cả đời bạn. Đừng lấy bừa ai đó làm chồng cũng đừng chọn bừa ai đó làm vợ,"
560,"写 给 自己 的 第 560 封 信 與其竺微到生土里, 不如留一些騎傲與疼愛給自己。 其它, 有些相 见，不如怀念，好扩不见，不如不见。","Bức thư viết cho chính mình số 560 Thay vì tự ti đã đến lúc ra đi chi bằng kiêu ngạo và thương yêu bản thân hơn một chút, có những khi gặp mặt không bằng nhớ tới, lâu khêng gặp không bằng không bao giờ gặp lại."
561,"写 给 自己 的 第 561 封 信 注定在一起的人, 不管繞多大一圈依然會回到彼此的身邊。只要結局 是喜刷, 過程怎么哭都行。 幸福可以來的慢一些, 只要它是真的, 如果最 后能在一起, 晚點也真的無所謂。","Bức thư viết cho chính mình số 561 Người trời định sẽ ở bên nhau thì cho dù có đi một vòng lớn thế nào rồi cũng sẽ về bên nhau. Chỉ cần kết thúc viên mãn thì cho dù có khóc thế nào cũng được. Hạnh phúc có thể đến chậm một chút nhưng chỉ cần nó là thật, muộn một chút cũng không Sao cả."
562,"写 给 自己 的 第 562 封 信 別把自己大得太高, 這個世界高開說都行| 别把自己看得大低， 這世上 你独一无二。每个人的一生都有自己的使命，不用和别人比，好好活自己。","Bức thư viết cho chính mình số 562 Đừng đánh giá bản thân quá cao vì ai cũng sẽ phải rời bỏ thế giới này, cũng đừng đánh giá bắn thân quá thấp vì bạn là bạn đuy nhất trong thể giới này. Mỗi người đến với thế giới này đều có sứ mệnh của riêng mình. Đừng so sánh với người khác và hãy sống tốt cuộc đời của mình."
563,写 给 自己 的 第 563 封 信 再大的伤痛，睡一党就把它忘了。背着上昨天追赶明天，会累坏了每一 个当下。边走边忘，才能感受到每一个迎面而来的幸福。闫恼不过夜，健,"Bức thư viết cho chính mình số 563 Cho dù tổn thương lớn đến đâu thì ngủ một giấc là quên hết. Ôm quá khứ hồm qua mà theo đuổi tương lai thì sẽ rất mệt. Vừa đi vừa quên mới có thể cảm nhận được hạnh phúc đến với mình, suy cho cùng chỉ người mau quên mới có được hạnh phúc."
564,写 给 自己 的 第 564 封 信 希望体一如既往地坚强勇敢，站在迎着光的地方，活成自己想要的 模样。,"Bức thư viết cho chính mình số 564 Hi vọng bạn sẽ luôn kiên cường đững cảm như xưa, vững vàng đứng tại nơi tràn ngập ánh nắng và sống như những gì bản thân mình mong muốn."
565,"写 给 自己 的 第 565 封 信 有了那么一瞬間突然覺得, 我所有的等待在你眼里都沒有意義, 因為換 不來你的任何珍惜。不是我不懂得堅持, 是太久沒聽到你的回音, 所以,","Bức thư viết cho chính mình số 565 Có một lúc nào đó em đột nhiên nghĩ rằng tất cả sự đợi chờ của em đều không có ý nghĩa gì trong mắt anh. Bởi vì em cảm nhận những sự đợi chờ đó đều không nhận được sự trân trọng từ anh. Không phải em không kiên trì mà vì quá lâu không nghe thấy hồi đáp của anh, vì thế, lần này em quyết định phải ra đi."
567,写 给 自己 的 第 567 封 信,"Bức thư viết cho chính mình số 567 Trước đây cứ nghĩ rằng kiên trì là không bao giờ lay chuyển nhưng giờ mới hiểu rằng kiên trì là do dự, là trốn tránh, là không quyết đoán nhưng vẫn vững vàng tiếp tục tiến về phía trước."
568,写 给 自己 的 第 568 封 信 别人拥有的，我们不必美莫，只要努力，我们也会拥有。当我们也家 了就睡，醒了就笑，生活就该这样轻松。,"Bức thư viết cho chính mình số 568 Thứ người khác có chúng ta không cần ngưỡng mộ bởi chỉ cần nỗ lực chúng ta cũng sẽ đạt được. Khi chúng ta đạt được rồi cũng không cần khoa trương bởi người khác cũng đang cố gắng, sớm muộn gì họ cũng sẽ đạt được. Mỗi ngày đều cười một cách vui vẻ, mệt thì ngủ, tỉnh dậy lại mim cười và cảm nhận cuộc sống nhẹ nhàng như thế thôi."
569,写 给 自己 的 第 569 封 信 命运是个有着恶趣味的家伙，时不时就会故意发出一两个狠招，故意 刁难一下本想好好生活的人。我们对此自然有权气闹，有权悲伤，甚至可 以大更一场或大加几声宣泄心中的感受，但是，仅此就好。如果任由心中 的不满继续演化，并最终变成了优视， 那么  么随之改变的并不是那些让我们 不则的人和事，只能是我们自己的生活。,"Bức thư viết cho chính mình số 569 Số phận là ke độc ác, bất chợt vào lúc nào đó, nó sẽ cố tình cho bạn một vài tai Họa, cố ý gây khó dễ cho những người muốn sống yên ốn. Trước những tai họa này, chúng ta có quyền chán nắn, có quyền đau buồn, thậm chí có thể khóc to hoặc mắng nhiếc để xả nỗi hận trong lòng. Nhưng chỉ nên thế mà thôi, nếu như để mặc cho tâm trạng mình cứ không tốt như thế, mãi đến cuối cùng sẽ hình thành nên cái nhìn hận thù, như vậy thứ thay đối không phải là những chuyện không vui mà chính là cuộc sống của chúng ta."
570,写 给 自己 的 第 570 封 信 哪怕一个人生活，穿越一个又一个城市，走过一条又一条街道，仰户 一片又一片天空，见证一次又一次别离。在别人质疑你的时候，你可以问 心无沈地对自己说，虽然每一步都走得很慢，但是我不曾退缩过。,"Bức thư viết cho chính mình số 570 Cho dù có sống một mình, đi qua hết thành phố này đến thành phố khác, bước đến hết con đường này đến con đường kia, ngắm nhìn những bầu trời khác nhau, chứng kiến cảnh li biệt hết lần này đến lần khác, khi người khác chất vấn hỏi bạn, bạn có thể nói mà không hổ thẹn với lòng mình rằng: Tuy từng bước đều đi rất chậm nhưng bạn chưa từng có ý định bỏ cuộc."
571,"写 给 自己 的 第 571 封 信 只有先改变自己的态度，才能改变人生的高度。让人迷茫的原因只有 一個, 那就是本該拼持的年紀, 元想得太多, 做得太少。","Bức thư viết cho chính mình số 571 Chỉ có thay đổi thái độ của bản thân trước mới có thể thay đổi cuộc đời, nguyên nhân khiến con người cảm thấy mơ hồ chỉ có một: Khi đang trong tuổi cần phấn đấu lại nghĩ quá nhiều và làm quá ít."
572,"写 给 自己 的 第 572 封 信 万事各有因果，不要再抱杷运气了，命远不久你什么，反而是你欠 了对生活的认真对待和经营。如果你想要明到更好的人，你至少要成为一 个不错的人; 如果你想謀得更好的工作, 你至少要有不錯的工作能力和經 地比較, 不如先讓自己做到最好。","Bức thư viết cho chính mình số 572 Mọi chuyện đều có nhân quả và đừng oán trách vận may nữa. Số phận không nợ bạn thứ gì, ngược lại là bạn đang thiếu sự đối xử chân thành đối với cuộc sống. Nếu như bạn muốn gặp một người tốt hơn thì ít nhất bạn cũng phải trở thành một người tương đối tốt. Nếu như bạn muốn tìm một công việc tốt hơn ít nhất bạn phải có năng lực và kinh nghiệm tương đối cho công việc này. Đừng ghen tị vì người khác may mắn, cũng đừng quá chú ý đến người khác. Thay vì so sánh trong bất bình chỉ bằng khiến bản thân trở nên tốt hơn đã bạn nhé."
573,"写 给 自己 的 第 573 封 信 你或許無法改繼環境, 但你可以決定對待它的態度和自處的方式。 當 你不絕望, 不抱怨, 重振自我, 重居夢想時, 哪怕在深海里獨自拯宴, 依 然可以成長為一個有追求、會發光的人生贏家, 綻放耀眼的光華。","Bức thư viết cho chính mình số 573 Có thể bạn không thay đổi được hoàn cảnh sống nhưng bạn có thể thay đổi cách nhìn về cuộc sống và cách sống của bản thân mình. Khi bạn không còn tuyệt vọng, không oán trách, vực dậy bản thân và theo đuối ước mơ của mình. Cho đù có cô đơn một mình dưới biển sâu bạn vẫn trở thành người có ước mơ, là người chiến thẳng số phận và tỏa ra ánh sáng rực rỡ."
574,写 给 自己 的 第 574 封 信 其实漂亮不漂亮没所谓，你应该知道，一个女孩儿能对任何事情都有 一个不焦不踩平淡的态度和一里耐得住和长寞的心，本身就是一种太具吸引 力的气质和一种骨子里的力量。,"Bức thư viết cho chính mình số 574 Thực ra xinh hay không xinh không quan trọng. Bạn cần phải biết rằng một người con gái có thể bình tĩnh không nóng vội trước mợi tình huống, sở hữu một trái tim có thế chịu được cô đơn thì bản thân cô gái đó đã có một khí chất thu hút và sức mạnh tiềm tàng ẩn giấu bên trong mình."
575,"写 给 自己 的 第 575 封 信 你真的无须太在意别人的评说，只要把自己的事情做好; 无须看别人 的眼神, 只需走自己的路; 无须有过多的抱恕，那样会使自己活得更累。 不必一味讨好别人，不管走在何处，都不要迷失自己。一一如果你讨厌 我，我一点也不介意，我活着不是为了取悦你。",Bức thư viết cho chính mình số 575 Bạn không cần quá đế ý đến lời bình luận của người khác và chỉ cần làm tốt việc của mình. Không cần nhìn ánh mắt của người khác và chỉ cần đi theo con đường của mình. Không cần khoảng cách quá nhiều vì như vậy chỉ khiến bản thân trở nên mệt môi hơn. Không cần một mực lấy lòng người khác và cho dù có đi tới đâu cũng đừng đánh lừa bản thân. Nếu như bạn không thích tôi thì tôi cũng chẳng để ý đâu bởi tôi sống không phải để lấy lòng bạn.
576,写 给 自己 的 第 576 封 信 过一种平淡的生活，安安心心，简简单单，做一些能让自己开心的 事。对生活不失希望，徽笑面对困境与磨难，心怀梦想，即使各远。,"Bức thư viết cho chính mình số 576 Trong cuộc sống bình lặng này, bạn chỉ cần sống một cách an tâm, đơn giản và làm những chuyện khiến mình vui là được. Bạn chỉ cần nhớ: Tuyệt đối không mất niềm tin vào cuộc sống, mạnh mẽ đối mặt với khó khăn và thách thức, trong lòng luôn có ước mơ cho dù đó là ước mơ xa vời nhất."
577,"写 给 自己 的 第 577 封 信 到了現在這個年紀, 誰都不想再取悅了, 跟誰在一起舒服就和誰在一 起，包括朋友也是，累了就桑远一点。取悦别人远不如快乐自己。宁可和孤 独，也不违心。宁可抱由，也不将就。能入我心者，我待以君王。不入我","Bức thư viết cho chính mình số 577 Đến tầm tuổi này rồi không còn muốn lấy lòng ai nữa. Ở bên ai thấy thoái mái thì ở bên người đó, người yêu cũng thế mà bạn bè cũng vậy. Nếu thấy mệt thì tránh xa chút và lấy lòng người khác không thể bằng tạo niềm vui cho chính mình đâu. Tôi thà rằng cô đơn chứ không làm điều gì trái ngược trái tìm mình, thà hối hận chứ không chấp nhận sự tạm bợ. Người có thể bước vào trái tim tôi thì tôi coi hoàng đế, còn không thì tôi cũng coi như phù du mà thôi."
578,写 给 自己 的 第 578 封 信 不要期待，不要假想，不要强求，顺其自然，如果注定，便一定会发 生。心安，便是活着的最美好状态。,"Bức thư viết cho chính mình số 578 Không cần đợi chờ, nghĩ ngợi hay cưỡng ép làm gì, cứ để mọi thứ tự nhiên bạn nhé. Nếu đã ra quyết định thì phải chắc chắn sẽ thực hiện. Hãy nhớ: Trong lòng bình yên thì đó chính là trạng thái tuyệt vời nhất."
579,写 给 自己 的 第 579 封 信 不管现实生活怎样，我们每一个人都不应怒天盛人，不要总觉得这个 世界亏欠于你，不要总觉得别人有负于你。生活中，会有顺境，也会有递 境，当你觉得自己过得菩不堪言时，更应该学会调整自己，让自己变得更 优秀。因为受苦的日子，正是你成长的时机!,"Bức thư viết cho chính mình số 579 Cho dù hiện thực cuộc sống có như thế nào, chúng ta đều không nên oán trách số phận, oán trách người khác. Đừng có nghĩ rằng cuộc đời này nợ bạn hay ai đó không tốt với bạn. Trong cuộc sống ai cũng có lúc thuận lợi và cả những lúc khó khăn. Khi bạn thấy rằng mình khổ đến tột cùng rồi bạn sẽ càng muốn học cách hoàn thiện bản thân và khiến mình trở nên xuất sắc hơn. Bởi vì chính những ngày tháng khổ cực mới là cơ hội để bạn trưởng thành."
580,"写 给 自己 的 第 580 封 信 每晚睡前, 原諒所有的人和事。逆上眼睛, 清理你的心, 過去的就 讓它過去吧。 無論今天發生多和麼糟糕的事, 都不應該感到感傷。一葉子不 长，用心计情愿的态度，过随遇而安的生活。","Bức thư viết cho chính mình số 580 Mỗi ngày trước khi đi ngủ, hãy bổ qua cho tất cả những người đắc tội với bạn và cả những việc không hay. Trước khi nhắm mắt, hãy bô hết những gì cồn sót lại trong lòng bạn. Những gì qua rồi hãy để nó qua đi. Cho dù hôm nay có xảy ra chuyện tồi tệ đến thế nào cũng không nên buồn phiền, một đời không dài nên hãy giữ thái độ bình thần, sống cuộc sống không tranh giành gì với đời bạn nhé."
581,"写 给 自己 的 第 581 封 信 相遇總是猝不及防, 而離別多是著謀已久, 總有一些人會慢慢淡出你 的生活，体要学会接受而不是怀念。",Bức thư viết cho chính mình số 581 Gặp nhau thường bất ngờ không thể phòng trước được còn chia tay đa phần đã được dự tính từ lâu. Có một số người dần dan sẽ bước khỏi cuộc đời bạn vì thế bạn nên học cách chấp nhận chứ không phải nhớ mong.
582,"写 给 自己 的 第 582 封 信 人總愛跟別人比較, 看看有誰比自己好, 又有誰比不上自己。 而其","Bức thư viết cho chính mình số 582 Con người thường thích so sánh. So sánh có ai hơn mình, có ai kém mình. Nhưng thực ra, thứ khiến bạn đau đầu và buồn phiền không phải là sự bất hạnh đau khổ của người khác mà chính là thái độ của bạn."
583,写 给 自己 的 第 583 封 信 时间会告诉我们，简单的喜欢，最长远; 平凡中的陪伴，最心安; 懂 你的人，最温暖。,"Bức thư viết cho chính mình số 583 Thời gian sẽ nói cho bạn biết: Tình yêu giản đơn là dài lâu nhất, ở bên nhau trong cuộc sống bình thường là an toàn nhất, con người hiểu bạn nhất là người ấm áp nhất,"
584,"写 给 自己 的 第 584 封 信 過度考慮別人的感受, 是一種對自己的不認同。 當每做一件事都在考",Bức thư viết cho chính mình số 584 Quá để tâm đến cầm nhận của người khác chính là không khẳng định bản thân mình và khi làm chuyện gì cũng nghĩ xem người khác thế nào thì thực ra bạn đang từ bỏ những năng lực tiềm tàng của bản thân mình.
585,"写 给 自己 的 第 585 封 信 人活着不是靠身体，而是靠心。有时候，换个心情，体会快乐些。心 你有一顆寬容的心, 有一顆善良的心, 有一顆充滿生機的心, 你就是播下 了快乐的种子，就会收获一晒快乐的心。","Bức thư viết cho chính mình số 585 Con người sống không dựa vào sức khóe mà dựa vào trái tim. Có nhiều lúc thay đổi tâm trạng bạn sẽ trở nên vui về hơn, Trái tìm giống như một mảnh ruộng: Dựa vào bản thân trồng trọt, chăm sóc, trồng nhân thiện sẽ ra quả thiện và trồng nhân ác sẽ ra quả ác. Nếu như bạn có một trái tỉm khoan dung, lương thiện, tràn đầy sức sống thì bạn hãy trồng những hạt giống niềm vui và bạn sẽ thu hoạch về một trái tim vui vẻ."
586,写 给 自己 的 第 586 封 信 要学会知足，但是不要轻易满足，有些事，要得到，就必须学会先 放下。时间是治疗心灵伤痛的最好良药。痛车，需要靠我们自己去慢慢化 解，每天给自己一个希望，试着不为明天而烦恼，不为昨天而叹息，只为,"Bức thư viết cho chính mình số 586 Học cách biết hài lòng nhưng đừng dễ dàng thỏa mãn. Có những chuyện muốn đạt được thì phải học cách từ bỏ trước. Thời gian là liều thuốc chữa lành vết thương tâm hồn hiệu quá nhất. Có những lúc chúng ta cần từ từ làm mờ dần nỗi đau. Mỗi ngày cho bản thân một niềm hi vọng, hãy thử không phiền não vì ngày mai, không than thở vì hôm qua và chỉ sống để hôm nay càng tươi đẹp hơn."
587,"写 给 自己 的 第 587 封 信 人在世上活着也就是一使一得的过程。会活的人，或者是成功的人， 其实是懂得这两个字的: 舍得。不含不得, 小含小得, 大含大得。要得便 須含, 有含才有得。含得, 是一種精神; 会得，是一种领悟; 舍得, 是一","Bức thư viết cho chính mình số 587 Con người sống trên đời này là một quá trình từ bô và đạt được. Người biết sống hoặc người thành công thực ra là người hiểu được hai từ: Từ bó và đạt được. Không nỡ từ bô sẽ không đạt được, từ bỏ ít sẽ đạt được ít, từ bỏ nhiều sẽ đạt được nhiều, muốn đạt được bắt buộc phải biết từ bỏ. Có từ bỏ thì mới đạt được, từ bỏ để đạt được là một tỉnh thần cũng là sự lĩnh hội, là sự trưởng thành của trí tuệ và là cảnh giới của cuộc đời."
588,"写 给 自己 的 第 588 封 信 ` 不論今天多么困難, 都要堅信: 只有回不去的過往, 沒有到不了的明 天。你成不了心态的主人，必然会沦为情绪的奴隶。",Bức thư viết cho chính mình số 588 Cho dù hôm nay có khó khăn đến đâu cũng phải giữ vững quyết tâm. Quá khứ không thể quay lại được nhưng tương lai vẫn sẽ tiếp diễn. Nếu bạn không làm chủ được tâm trạng của mình thì ắt bạn sẽ biến thành nô lệ của nó.
589,"写 给 自己 的 第 589 封 信 永远成功的秘密，就是每天淘汰自己: 你不与别人竞争，并不意味着 別人不會與你競爭; 你不淘汰别人，戴会被别人淘流。别人进步的同时体 没有进步，就等于退步。你没有构建任何适应竞争、抗击风险的能力，当 下一次危机来痢时，体会不顽一击，第一个饲下的就是你! 追求安穩, 是 坐以待颖的开始!",Bức thư viết cho chính mình số 589 Thành công là sự đào thải bản thân. Mỗi ngày bạn không tranh giành với người khác không có nghĩa là người khác không cạnh tranh với bạn. Bạn không loại trừ người khác tất sẽ bị người khác loại trừ. Khi người khác tiến bộ và bạn vẫn dậm chân tại chỗ nghĩa là bạn đang thụt lùi. Bạn không có một chút kĩ năng cạnh tranh vượt qua thách thức nào vậy thì khi xảy ra tình huống bất ngờ bạn sẽ không thể xử lí được và trở thành người đầu tiên bị đánh bại. Theo đuổi sự bình yên chính là khởi đầu của việc ngồi yên chờ chết.
590,"写 给 自己 的 第 590 封 信 人生每天都要笑, 生活的下一秒會發生什麼, 我們誰也不知道。所 以, 放下心里的糾結, 放下腦中的煩惱, 放下生活的不愉快, 活在當下。 在，生命更恒久。                   |","Bức thư viết cho chính mình số 590 Sống mỗi ngày đều phải cười vì không ai biết trước được tiếp theo đây sẽ xảy ra sự việc gì. Hãy xóa bỏ tất cả những khúc mắc trong lòng, quên đi những phiền não và những điều không vui trong cuộc sống. Hãy sống vì hiện tại. Trước những hỉ nộ ái ố và những biến chuyển khôn lường của cuộc đời, chỉ bằng chúng ta hãy nhìn một cách bình thản hơn, mỉm cười diu đàng để trong lòng thoải mái hơn và tận hưởng một cuộc đời dài hơn."
591,写 给 自己 的 第 591 封 信 命运不会总是偏福你，也不会总是忽略你。它在为你关上一道门的时 候，也会为你开一肩窗。学会放下，你的人生将会医然开明，生命才能够 月朗风清。,Bức thư viết cho chính mình số 591 Số phận không bao giờ quá thiên vị bạn hay bỏ mặc bạn. Khi số phận đóng lại một cánh cửa đồng thời sẽ me thêm cho bạn một cánh cửa khác vì thế bạn cần học cách từ bỏ. Có như vậy cuộc sống của bạn mới trở nên tươi sáng và cuộc đời của bạn mới có thể đẹp đẽ hơn.
593,"写 给 自己 的 第 593 封 信 生活有两大误区: 一是生活給人看, 二是看別人生活。 只要自己覺得 幸福就行。用不閉向別人證明什麼。 不要光顧著看別人, 走錯了自己腳下 的路。","Bức thư viết cho chính mình số 593 Trong cuộc đời có hai cái sai lớn: Thứ nhất là sống vì người khác và thứ hai là xem người khác sống thế nào. Chỉ cần bản thân thấy hạnh phúc là được, không cần chứng minh điều gì với người khác. Đừng thuận theo người khác mà bước nhầm con đường của mình bạn nhé."
594,"写 给 自己 的 第 594 封 信 递境，是上帝帮你淘汰竞争者的地方。要知道，你不好受，别人也不 好受; 你堅持不下去了, 別人也一樣。 千萬不要告訴別人你堅持不住了, 那只能让别人获得坚持的信心，让竞争者看着你微笑的面孔，失去信心， 退出比赛。胜利属于那些有耐心的人。","Bức thư viết cho chính mình số 594 Hoàn cảnh khó khăn chính là cơ hội thượng đế ban cho bạn để loại bỏ đi những ke cạnh tranh. Bạn nên biết rằng: Bạn khó chịu thì người khác càng khó chịu hơn, bạn không cố được nữa thì người khác cũng vậy. Nhất định đừng nói cho người khác biết bạn không thể cố được nữa vì như vậy chỉ khiển họ có thêm niềm tin để cố gắng thôi. Hãy để những kẻ cạnh tranh nhìn thấy nụ cười trên gương mặt bạn, khiến họ mất niềm tin và rời khói cuộc đua. Thắng lợi nào cũng đều thuộc về những người có sự nhẫn nại và kiên định đến cùng."
595,写 给 自己 的 第 595 封 信 没有一桩是你带来的，也没有一样是你能带走的，来这刘上走一回， 一切的拥有只不过是人异来的; 益有一天必须连本带利还国去。不如一切随,"Bức thư viết cho chính mình số 595 Không có thứ gì là do bạn tự tạo ra và cũng không có thứ gì bạn có thể tự mang đi được. Bạn đến với cuộc đời này, mọi thứ mà bạn có chẳng qua là đi mượn, sớm muộn sẽ có ngày bạn phải trả cả gốc lẫn lãi. Chi bằng hãy để mọi thứ thuận theo tự nhiên."
596,写 给 自己 的 第 596 封 信 生活告诉我们，这个世界从来不存在完美的人和事，过于完美的感 情，只发生在童话和想象中，现实的常态，除了平淡，就是千准百孔与动 后重生。,Bức thư viết cho chính mình số 596 Cuộc sống nói cho chúng ta biết trên đời này không có con người hay sự việc nào hoàn mĩ. Tình yêu hoàn mĩ chỉ có ở trong câu chuyện cổ tích và trong tưởng tượng mà thôi. Cuộc sống thực sự chỉ có sự bình lặng mà thôi.
597,"写 给 自己 的 第 597 封 信 如果別人惹了你, 並不需要去報復。因為智商斧是這世上最遠的距 ,离，别人做一件极坏的事，你跟着做，就等于把自己也拉低到同样层级。 當有人和你過不去時, 請遠離小人, 保持平靜的心情。不要生气, 但更不 要记得。对付一个人最狠的办法，不是教训他，而是从记忆里删除他。","Bức thư viết cho chính mình số 597 Nếu như người khác gây chuyện với bạn, bạn không cần phải trả thù làm gì bởi vì IQ cao thấp là khoảng cách dài nhất trên thế giới này. Người khác làm một chuyện xấu và bạn cũng làm theo nghĩa là bạn tự hạ mình xuống cùng đẳng cấp với người ta. Khi có người không chịu bỏ qua cho bạn thì hãy tránh xa kẻ tiếu nhân đó, giữ tâm trạng bình tĩnh, đừng tức giận cũng đừng nhớ để làm gì. Cách tốt nhất để đối phó với một người không phải cho anh ta một bài học mà là xóa số anh ta ra khỏi trí nhớ."
598,"写 给 自己 的 第 598 封 信 越是低谷的時候, 趣能看出一個人的本廣。最差的結果元非是失敗, 有人等着失败，有人加着失败，有人尽了力仍然失败。在这样的环境里， 心态就是每个人自身的光，你矣唐就是笑唐，你顽强就是颈强。","Bức thư viết cho chính mình số 598 Càng tỏ ra khiêm tốn bạn càng nhìn thấy rõ bản chất của một con người. Kết quả tồi tệ nhất là thất bại, nhưng có người chờ thất bại, có người mắng chửi thất bại, lại có người cố gắng hết sức mà vẫn thất bại. Trong những hoàn cảnh như thế, khí chất chính là ánh sáng mà mỗi người tỏa ra. Bạn chán nản hay ngoan cường sẽ tổa ra khí chất khác hẳn nhau."
599,写 给 自己 的 第 599 封 信 该走的人迟早会走，与其药力勒紧手里的线，不如等风来的时候就,"Bức thư viết cho chính mình số 599 Người muốn đi, sớm muộn gì họ cũng đi. Thay vì cố nắm chặt sợi dây trong tay chỉ bằng đợi khi gió lên rồi buông tay từ bỏ."
600,"写 给 自己 的 第 600 封 信 如果有一天, '你找不到我了, 千萬不要難過, 不是我不愛你了, 也不 是你錯過我了, 而是我終于有了勇氣離開, 但請你記得, 在這之前, 我真 的傻傻地等過你!",Bức thư viết cho chính mình số 600 Nếu như có một ngày anh không tìm thấy em thì đừng buồn nhé. Không phải là em không yêu anh nữa hay là anh đã bó lỡ em mà là cuối cùng em đã có dũng khí để rời xa anh. Nhưng anh hãy nhớ rằng: Trước khi em rời xa anh em đã từng ngốc ngếch đợi chờ anh trong mồi mòn.
601,"写 给 自己 的 第 601 封 信 放下浮躁, 放下懶惰, 放下三分鐘熱度, 放空大腦, 靜下心來好好做 你該做的事情。","Bức thư viết cho chính mình số 601 Từ bô thói quen bốc đồng, lười biếng, hứng thú nhất thời và hãy để đầu óc thoải mái, tĩnh tâm lại, làm những việc mà bạn cần phải làm bạn nhé."
603,能管理好自己的情绪，你就是优雅的，能控制好自己的心态，体就是 成功的。 写 给 自己 的 第 603 封 信,"Bức thư viết cho chính mình số 603 Có thể kiểm soát cảm xúc của bản thân thì bạn là người thanh nhã, nhưng có thể khống chế được cảm xúc thì bạn là người thành công."
604,"睡的時候, 不章負床; 忙的時候, 不章負路; 愛的時候, 不章負人; 鐵的時候, 不詣人負胃。 写 给 自己 的 第 604 封 信 人生最大的成功，就是培养出一个好的心态，使自己无时不快乐。心 事是装满桶的水，有一点颖际都会外洪。痛就痛了，痛，让你认识自己， 也看清了别人。败就败了，站起来拍拍太竺，多少人在乎你桦过跤? # 雅，是心底的宁静开出了关丽的花。","Bức thư viết cho chính mình số 604 Lúc ngủ đừng phụ cái giường mà bạn nằm lên. Lúc bận đừng phụ con đường mà bạn đi. Khi yêu đừng phụ người mà bạn yêu và lúc đói rồi đừng hành hạ dạ dày của bạn. Bức thư viết cho chính mình số 604 Thành công lớn nhất trong đời chính là rèn luyện cho mình một tâm trạng tốt, khiến bản thân lúc nào cũng vui vẻ. Tâm sự cũng giống như chiếc thùng đầy nước vậy: Chỉ cần một lỗ thủng nhỏ đã tràn hết ra ngoài. Đau cũng đã đau rồi. Đau chính là cơ hội để bạn nhìn nhận lại bản thân, nhìn nhận rõ hơn về người khác. Thất bại cũng đã thất bại rồi, đứng lên và phủi sạch bụi đi, có ai quan tâm bạn đã ngã mấy lần chứ. Thanh nhã chính là bông hoa đẹp được nở ra từ một trái tim bình tĩnh và thanh thản."
605,写 给 自己 的 第 605 封 信 如果体不快乐，那就出去走走，世界这人么大。风景很美、机会很多、 人生很短。不要贍縮在一處陰影中。,"Bức thư viết cho chính mình số 605 Nếu bạn không vui thì ra ngoài đạo chơi xem. Thế giới này đẹp thế cơ mà: Phong cảnh đẹp, cơ hội có nhiều. Nhưng cuộc đời này lại vô cùng ngắn ngủi. Vì vậy, đừng mãi cuộn mình trong bóng tối bạn nhé."
606,写 给 自己 的 第 606 封 信 心情就像衣服，艇了就拿去洗洗，上晒晒，阳光自然就会蔓延开来。阳 光那么好，何必自寻闫恼，过好每一个当下，一万个美丽的未来托不过一 个温暖的现在。                                                                                       .,"Bức thư viết cho chính mình số 606 Tâm trạng giống như quần áo vậy: Bẩn rồi thì mang đi giặt, phơi, ánh sáng mặt trời tự sẽ chiếu tới. Ánh sáng mặt trời đẹp đến vậy thì tội gì phải tự tìm đến phiền não chứ. Chỉ cần sống tốt cho hiện tại thì tương lai tốt đẹp cũng không so được với sự ấm áp như bây giờ."
607,"写 给 自己 的 第 607 封 信 如果你被人恶意攻击，请记住，他们之所以这样做，是为了获得一种 自以為重要的感覺, 而這通常意味著你已經有所成就, 並值得別人注意。 許多人, 在吧那些各方面比他們優秀得多的人的時候, 都會獲得某種滿足 感。 請將別人不公正的批評當成是灶你的另一種認可。 沒有人會去踢一條 死狗。",Bức thư viết cho chính mình số 607 Nếu có người ác ý công kích bạn thì hãy nhớ rằng bọn họ làm như vậy để nhận được cảm giác bản thân họ rất quan trọng. Điều này cũng đồng nghĩa rằng bạn có nhiều thành tích khiến người khác phải chú ý. Rất nhiều người khi mắng chửi người nào đó xuất sắc hơn mình đều có được cảm giác mãn nguyện. Hãy xem những phê bình không công bằng đó như một sự khẳng định dành cho bản thân bởi vì đơn giản thế này: Chẳng ai đi đá một con chó chết cả.
608,写 给 自己 的 第 608 封 信 请你善良，无论这世界多冷漠。相信人，相信感情，相信普良的看 在。要开朗，要坚韧，要温暖漂亮地活着。,"Bức thư viết cho chính mình số 608 Mong rằng bạn sẽ lương thiện mặc cho cuộc đời này lạnh lùng tới mức nào. Hãy tin tưởng vào người khác, tin vào tình cảm và tin rằng lương thiện vẫn còn tồn tại. Hãy sống vui vẻ bền bỉ, sống thật ấm áp và xinh đẹp bạn nhé."
609,"写 给 自己 的 第 609 封 信 身外再精彩, 他人再美好, 都與你無其關係, 你就是你, 只需梳理自 已的羽毛, 到你想去的地方;) 世界再冷漠, 別人再虛仿, 這些也與你元 其關係, 你還是你, 若把生活看成一種刁難, 你終會輸, 若把生活當作一 种对刻，你总能赢。","Bức thư viết cho chính mình số 609 Bên ngoài đặc sắc thế nào hay người khác có tốt thế nào cũng không liên quan đến bạn. Bạn chính là bạn, chỉ cần chải chuốt bộ lông của mình và bay đến nơi mình muốn đến. Thế giới có lạnh nhạt thế nào, người khác có giả tạo đến đâu cũng không liên quan đến bạn. Bạn chính là bạn và nếu bạn coi cuộc sống là một chuỗi khó khăn thì bạn đã thua. Còn nếu coi cuộc sống như bộ môn nghệ thuật điêu khắc thì bạn đã coi như giành phần chiến thắng."
610,"写 给 自己 的 第 610 封 信 很多的烦恼源于不够狠心。做什么都要顾及别人的感受，体总顾及别 人, 那誰來顧及你?","Bức thư viết cho chính mình số 610 Rất nhiều phiền não bắt nguồn từ việc không nhẫn tâm. Họ làm việc gì cũng nghĩ đến câm nhận của người khác. Bạn luôn nghĩ cho người khác, vậy ai nghĩ cho bạn đây?"
611,"写 给 自己 的 第 611 封 信 沒什麼好抱怨的, 今天的每一步, 都是在為之前的每一次選擇買單。",Bức thư viết cho chính mình số 611 Không có gì phải oán trách cả: Mỗi bước của ngày hôm nay đều là vì mỗi sự lựa chọn mua hàng trước đây.
612,"写 给 自己 的 第 612 封 信 就算不快樂也不要敏眉, 因為你永遠不知道誰會愛上你的笑容。",Bức thư viết cho chính mình số 612 Cho dù không vưi cũng đừng nhăn mày bởi bạn mãi mãi không biết ai sẽ yêu nụ cười thánh thiện của bạn.
613,写 给 自己 的 第 613 封 信 睡党是一种解脱，睡着了就会不悲不气，不烦恼，不孤单，是上帝赐 予你短辑失忆的时间，愿美梦治愈你的难过。,"Bức thư viết cho chính mình số 613 Ngủ là một sự giải thoát. Ngủ say rồi sẽ không buồn, không tức, không phiền não và không cô đơn. Ngủ chính là thời gian tạm mất trí nhớ mà thượng đế ban cho bạn. Hi vọng giấc mộng đẹp sẽ chữa lành moi nỗi đau của bạn."
614,"写 给 自己 的 第 614 封 信 体做得对，有人妨妨你。你做得错，有人嘲笑你。你做得少，有人部 视你。休做得多，有人责难你。你高高在上，有人说不接地气。你和功可 亲，有人说智商不够。你活着，他们说赶紧死。你死了，他们还要在墓碑 己的路, 讓別人說去!","Bức thư viết cho chính mình số 614 Bạn làm được thì có người gheri tị, bạn làm sai thì có người chê cười, bạn làm ít thì có kế khinh, bạn làm nhiều thì có thể gây khó dễ và bạn lạnh lùng thì người ta . nói kiêu ngạo chân không chạm đất. Bạn thân thiện hòa đồng cững có người kêu rằng bạn không thông minh. Bạn sống thì họ rủa bạn mau chết. Thậm chí họ còn muốn đá một phát vào bia mộ bạn. Những loại thừa hơi đó ở đầu cũng có, cách tốt nhất để đối phó với bọn chúng là hãy đi con đường của mình và người khác nói gì thì cũng đừng để ý."
615,写 给 自己 的 第 615 封 信 做一个坚强的人，坦然面对，勇敢体会酸甜苦辣各种游味，忘记消道 往，不如沐浴晴明，扔看悲伤和孤寂，摆脱无助和漠然，不再害怕未知，,"Bức thư viết cho chính mình số 615 Là một người mạnh mẽ thì phải thản nhiên đối mặt khó khăn, đũng cảm trải nghiệm những thú vị, ngọt bùi đắng cay của cuộc đời, quên đi những việc và những người đã biến mất. Những thứ không thể có được thì nên biết cách từ bỏ, những thứ không thể động vào thì nên để cho nó đông lạnh. Thay bằng việc chìm đắm trong quá khứ thì bạn dứt bỏ hết nỗi buồn và cô đơn, sự bất lực và lãnh cảm, không còn đột nhiên sợ hãi và cũng không cần lạc lối vô vọng."
616,"写 给 自己 的 第 616 封 信 與人說話的時候, 要學會心平氣和。 即使有再大的超氮, 也不要大喊 大叫，因为你的大声，除了扰乱自己的心神，并不能让事情变得更好。歌 斯底里的吼叫征服不了別人, 緝只會讓你在瘋狂中失去理","Bức thư viết cho chính mình số 616 Khi nói chuyện với người khác phải giữ tâm trạng bình tĩnh, cho dù có tức đến thế nào cũng không được gào thét bởi vì tiếng gào thét của bạn ngoài việc làm loạn tâm trí của chính mình ra không thể khiến mọi chuyện tốt lên được. Tiếng gào thét từ tận đáy lòng không thể khiến người khác khuất phục mà nó chỉ khiến bạn mất đi Hí trí rong lúc điên khùng mà thôi,"
618,"写 给 自己 的 第 618 封 信 心小了, 所有的小事就大了; 心大了，所有的大事都小了。看淡世事","Bức thư viết cho chính mình số 618 Tấm lòng nhỏ mọn thì chuyện nhỏ cũng thành chuyện lớn, tấm lòng rộng lớn chuyện to đến mấy cũng thành chuyện nhỏ. Xem thường những biến động của cuộc đời thì nội tâm mới bình yên được."
620,"写 给 自己 的 第 620 封 信 不要过分在总一些人，过分在乎一些事，顺其自然，以最佳的心态 面灶。 每個人的性格中, 都有某些無法讓人接受的部分, 再美好的人也一 樣。 所以不要苛求別人, 不要埋怨自己。","Bức thư viết cho chính mình số 620 Đừng quá để ý tới ai đó hay chuyện gì. Mọi thứ cứ thuận theo tự nhiên và dùng tâm trạng tốt nhất để đối mặt với mọi chuyện. Trong tính cách của mỗi người đều có một phần không thể cho người khác tiếp cận được và kể cả người hoàn hảo nhất cũng thế mà thôi. Vì vậy đừng yêu cầu khắt khe với người khác và cũng đừng oán trách bản thân,"
621,"写 给 自己 的 第 621 封 信 人越是怕丢人，就越是在乎别人的看法。趣是在乎别人的看法，就越 是會忽略自己的感受。越是忽略自己的感受, 就越是像木偶一樣拼命活給 別人看。 最後, 一步一步將真實的自我囚禁在了深深的黑暗里。","Bức thư viết cho chính mình số 621 Đừng quá để ý tới ai đó hay chuyện gì. Mọi thứ cứ thuận theo tự nhiên và dùng tâm trạng tốt nhất để đối mặt với mọi chuyện. Trong tính cách của mỗi người đều có một phần không thể cho người khác tiếp cận được kể cả người hoàn hảo nhất cũng thế. Vì vậy đừng yêu cầu khắt khe với người khác, cũng đừng oán trách bản thân."
622,"写 给 自己 的 第 622 封 信 別人恭維你時, 偷偷高興一下就可以了, 但不可當真, 因為那十有八 九是哄你的; 別人批評你時, 稍稍不開心一下就可以了, 但不可生氣, 因 為那十有八九是真的。","Bức thư viết cho chính mình số 622 Khi người khác khen ngợi thì bạn chỉ cần vui một chút là được thôi, nhưng đừng coi đó là thật bởi tám, chín phần những câu nói đó là đế nịnh bạn. Khi người khác phê bình bạn chỉ nên buồn một chút thôi và cũng đừng tức giận vì tám, chín phần những câu nói đó là thật."
623,"写 给 自己 的 第 623 封 信 最先道歉的人最勇敢, 最先原諒的人最堅強, 最先釋懷的人最幸福。",Bức thư viết cho chính mình số 623 Người xin lỗi đầu tiên là người đũng cảm nhất. Người tha thứ đầu tiên là người kiên cường nhất. Người từ bỏ đầu tiên là người hạnh phúc nhất.
624,写 给 自己 的 第 624 封 信 不要期待，不要假想，不要强求，顺其自然，如果注定，便一定会发 生。心安，便是活着的最美好状态。,"Bức thư viết cho chính mình số 624 Đừng chờ đợi, đừng ảo tưởng, đừng cưỡng cầu, hãy để mọi thứ thuận theo tự nhiên. Nếu như mọi chuyện đã được trời định thì nhất định nó sẽ xảy ra, trong lòng bình yen chính là trạng thái tốt nhất của cuộc sống."
625,"写 给 自己 的 第 625 封 信 拥有好心情，才有更好的状态; 控制好自己的心情，生活才会祥和。 心情, 晶不是人生的全部, 部能左右生活的全部。丸心情, 貶低了自己的 形象，降低了自己的能力，搅乱了自己的思维，影响了自己的信心，心情 好, 一切都好; 心情差, 一切都亂套。 有時輸了, 不是輸給他人, 而是輸 给了自己的心情。","Bức thư viết cho chính mình số 625 Có được tâm trạng tốt mới có được tầm thái tốt, khống chế được cảm xúc của bản thân thì cuộc sống mới tốt đẹp. Tâm trạng không phải là tất cả của cuộc đời nhưng nó lại có thể ảnh hướng đến toàn bộ đời sống của chúng ta. Tâm trạng không tốt sẽ hạ thấp hình tượng năng lực của bản thân, làm rối loạn suy nghĩ, ảnh hưởng đến sự tự tin của bản thân, tâm trạng tốt thì mọi thứ đều tốt, tâm trạng tồi thì mọi thứ rỗi tung cả lên. Nhiều lúc chúng ta thua không phải là thua người khác mà là thua cảm xúc của bản thân."
